video_id,url,title,upload_date,duration,view_count,channel_url,channel_title,categoria_fuente
WakBONBhY0s,https://www.youtube.com/watch?v=WakBONBhY0s,NEW VIDEO: Minibus driver killed by police #LaEncerrona,,1243,80000.0,https://www.youtube.com/user/ocram001,Marco Sifuentes / Ocram,politica_analisis
LWMHsXXiTrA,https://www.youtube.com/watch?v=LWMHsXXiTrA,ALERT: Police violence is on the rise across Peru #LaEncerrona,,1310,91000.0,https://www.youtube.com/user/ocram001,Marco Sifuentes / Ocram,politica_analisis
GDPivrzliEY,https://www.youtube.com/watch?v=GDPivrzliEY,LEGAL THREAT: They want us to delete something that isn't ours #LaEncerrona,,1511,94000.0,https://www.youtube.com/user/ocram001,Marco Sifuentes / Ocram,politica_analisis
feO7751dTI0,https://www.youtube.com/watch?v=feO7751dTI0,ALERT: Congress leaves time bombs for doctors... and territorial limits! #LaEncerrona,,1276,81000.0,https://www.youtube.com/user/ocram001,Marco Sifuentes / Ocram,politica_analisis
PSPAyKLnvUI,https://www.youtube.com/watch?v=PSPAyKLnvUI,VENEZUELA APOCALYPSE: How to help from Peru #LaEncerrona,,1287,84000.0,https://www.youtube.com/user/ocram001,Marco Sifuentes / Ocram,politica_analisis
LEZRcw6IOk8,https://www.youtube.com/watch?v=LEZRcw6IOk8,SCANDAL: Congress raises salaries for Keiko's Inquisition #LaEncerrona,,1340,92000.0,https://www.youtube.com/user/ocram001,Marco Sifuentes / Ocram,politica_analisis
fJYajmPuI_U,https://www.youtube.com/watch?v=fJYajmPuI_U,SCANDAL: Congress sets the stage to kill in protests #LaEncerrona,,1368,91000.0,https://www.youtube.com/user/ocram001,Marco Sifuentes / Ocram,politica_analisis
xIRwtzuHCyA,https://www.youtube.com/watch?v=xIRwtzuHCyA,ALERT: Congress’s final gift: more money for Congress #LaEncerrona,,1228,87000.0,https://www.youtube.com/user/ocram001,Marco Sifuentes / Ocram,politica_analisis
VjkLpWldYHQ,https://www.youtube.com/watch?v=VjkLpWldYHQ,EMPEZÓ LA PERSECUCIÓN: Denuncian a organizadores marcha JP #LaEncerrona,,1298,127000.0,https://www.youtube.com/user/ocram001,Marco Sifuentes / Ocram,politica_analisis
dpDZvUkVl2U,https://www.youtube.com/watch?v=dpDZvUkVl2U,ANOTHER VICTIM OF KEIKO? Prosecutor Juárez Atoche has fallen #LaEncerrona,,1343,97000.0,https://www.youtube.com/user/ocram001,Marco Sifuentes / Ocram,politica_analisis
cCEjyuHnosE,https://www.youtube.com/watch?v=cCEjyuHnosE,ALERT: Fujimorismo changes ELECTION rules #LaEncerrona,,1391,93000.0,https://www.youtube.com/user/ocram001,Marco Sifuentes / Ocram,politica_analisis
15sRm7EmUCY,https://www.youtube.com/watch?v=15sRm7EmUCY,SPECIAL: Why did Roberto Sánchez lose? #LaEncerrona,,1300,108000.0,https://www.youtube.com/user/ocram001,Marco Sifuentes / Ocram,politica_analisis
lawfeggBE0U,https://www.youtube.com/watch?v=lawfeggBE0U,KEIKO SE VA pero el Congreso no quiere irse #LaEncerrona,,1382,132000.0,https://www.youtube.com/user/ocram001,Marco Sifuentes / Ocram,politica_analisis
GDuMfBOTpFE,https://www.youtube.com/watch?v=GDuMfBOTpFE,ONLY 9 TALLY SHEETS REMAIN: What comes next? #LaEncerrona,,1338,138000.0,https://www.youtube.com/user/ocram001,Marco Sifuentes / Ocram,politica_analisis
IrSof4tRJyM,https://www.youtube.com/watch?v=IrSof4tRJyM,THE PRESIDENT OF CONGRESS... TOTAL DISASTER? | Ocean Planet,,661,14000.0,https://www.youtube.com/user/ocram001,Marco Sifuentes / Ocram,politica_analisis
391Zbtk_AxU,https://www.youtube.com/watch?v=391Zbtk_AxU,IT'S OVER: Keiko overtakes Sánchez in ONPE count #LaEncerrona,,1434,134000.0,https://www.youtube.com/user/ocram001,Marco Sifuentes / Ocram,politica_analisis
Gxj2yevsGww,https://www.youtube.com/watch?v=Gxj2yevsGww,"Alfredo Torres from IPSOS: ""I was hit harder by the RIGHT"" - #electoralsifting",,1184,63000.0,https://www.youtube.com/user/ocram001,Marco Sifuentes / Ocram,politica_analisis
ZaUQixL--Ek,https://www.youtube.com/watch?v=ZaUQixL--Ek,"ANOTHER CHLIMPER AUDIO: ""We will win by 60 thousand"" #LaEncerrona",,1299,134000.0,https://www.youtube.com/user/ocram001,Marco Sifuentes / Ocram,politica_analisis
3_CQGcYj_pg,https://www.youtube.com/watch?v=3_CQGcYj_pg,RACISM against Sánchez voters: the worst comments #LaEncerrona,,1348,160000.0,https://www.youtube.com/user/ocram001,Marco Sifuentes / Ocram,politica_analisis
yKvnUteTWM0,https://www.youtube.com/watch?v=yKvnUteTWM0,"ELECTION SPECIAL: Is the ""fraud"" tantrum back? #LaEncerrona",,1445,220000.0,https://www.youtube.com/user/ocram001,Marco Sifuentes / Ocram,politica_analisis
doBMCJT5Y58,https://www.youtube.com/watch?v=doBMCJT5Y58,PRIDE DAY ON POLITICAL BRUTALITY | #POLITICALBRUTALITY,,3006,56000.0,https://www.youtube.com/@curwen,El diario de Curwen,politica_opinion
LFKGSJKX7TY,https://www.youtube.com/watch?v=LFKGSJKX7TY,POLITICAL BRUTALITY AT THE TEATRO CANOUT - ANTI-ELECTION BROADCAST II,,6508,,https://www.youtube.com/@curwen,El diario de Curwen,politica_opinion
BoI9o3qpgsQ,https://www.youtube.com/watch?v=BoI9o3qpgsQ,MESIAS GUEVARA ON POLITICAL BRUTALITY | #POLITICALBRUTALITY,,3798,137000.0,https://www.youtube.com/@curwen,El diario de Curwen,politica_opinion
7OWFWxRU2qU,https://www.youtube.com/watch?v=7OWFWxRU2qU,ROSA MARÍA PALACIOS ON POLITICAL BRUTALITY | #POLITICALBRUTALITY,,4702,309000.0,https://www.youtube.com/@curwen,El diario de Curwen,politica_opinion
mthDqkFNDTY,https://www.youtube.com/watch?v=mthDqkFNDTY,Is Jorge Nieto the last politician?,,801,97000.0,https://www.youtube.com/@curwen,El diario de Curwen,politica_opinion
IlHlbIsACYk,https://www.youtube.com/watch?v=IlHlbIsACYk,THE FIVE WORST CANDIDATES FOR CONGRESS 2026,,957,55000.0,https://www.youtube.com/@curwen,El diario de Curwen,politica_opinion
IB1M_VL1GgU,https://www.youtube.com/watch?v=IB1M_VL1GgU,CRISIS: ALL ABOUT THE NEW BALCAZAR CABINET,,1638,16000.0,https://www.youtube.com/@curwen,El diario de Curwen,politica_opinion
QBVQJsP69XA,https://www.youtube.com/watch?v=QBVQJsP69XA,ALERT: THE FUJIMORISTS WHO CHANGED THEIR SIDES,,672,28000.0,https://www.youtube.com/@curwen,El diario de Curwen,politica_opinion
YtrifU8zuZI,https://www.youtube.com/watch?v=YtrifU8zuZI,LUCHO CÁCERES ON POLITICAL BRUTALITY | EXCLUSIVE FOR MEMBERS,,3397,104000.0,https://www.youtube.com/@curwen,El diario de Curwen,politica_opinion
q517PJtlNcQ,https://www.youtube.com/watch?v=q517PJtlNcQ,PRIMER SIMULACRO DE VOTACIÓN PRESIDENCIAL,,1187,24000.0,https://www.youtube.com/@curwen,El diario de Curwen,politica_opinion
Jhs_IcLPWbg,https://www.youtube.com/watch?v=Jhs_IcLPWbg,NEW RECORD: CÉSAR ACUÑA'S HIGHEST CPP,,1059,76000.0,https://www.youtube.com/@curwen,El diario de Curwen,politica_opinion
VZ9BPJD_SBk,https://www.youtube.com/watch?v=VZ9BPJD_SBk,INCREDIBLE: POPULAR FORCE DEFENDS ROSPIGLIOSI'S DEFAMATION,,895,39000.0,https://www.youtube.com/@curwen,El diario de Curwen,politica_opinion
x5LmlevQM20,https://www.youtube.com/watch?v=x5LmlevQM20,ROSPIGLIOSI T3RRUQU3A A LOS MU3RT0S EN LAS MARCHAS,,720,36000.0,https://www.youtube.com/@curwen,El diario de Curwen,politica_opinion
AumPu5lPMp8,https://www.youtube.com/watch?v=AumPu5lPMp8,BRUTALIDAD POLÍTICA EN EL TEATRO CANOUT,,6035,,https://www.youtube.com/@curwen,El diario de Curwen,politica_opinion
SsAtQdCn1vg,https://www.youtube.com/watch?v=SsAtQdCn1vg,NEW RECORD: THE MOST CPP BOOK ABOUT 'PORKY',,850,64000.0,https://www.youtube.com/@curwen,El diario de Curwen,politica_opinion
-y8SvqT7HYM,https://www.youtube.com/watch?v=-y8SvqT7HYM,Yonny Lescano would pardon Pedro Castillo,,670,23000.0,https://www.youtube.com/@curwen,El diario de Curwen,politica_opinion
M0af3AGQ5xk,https://www.youtube.com/watch?v=M0af3AGQ5xk,EL ADOCTRINAMIENTO DE JÓVENES EN APP,,893,24000.0,https://www.youtube.com/@curwen,El diario de Curwen,politica_opinion
l6k6KQZtqjg,https://www.youtube.com/watch?v=l6k6KQZtqjg,WHY DID HERNANDO DE SOTO'S CABINET FALL?,,645,63000.0,https://www.youtube.com/@curwen,El diario de Curwen,politica_opinion
chNTwVlzHvg,https://www.youtube.com/watch?v=chNTwVlzHvg,ALL ABOUT THE 2026 PRESIDENTIAL DEBATE,,708,54000.0,https://www.youtube.com/@curwen,El diario de Curwen,politica_opinion
63QHdNE0YGk,https://www.youtube.com/watch?v=63QHdNE0YGk,JORGE NIETO ON BRUTALIDAD POLÍTICA | INTERVIEW,,4783,315000.0,https://www.youtube.com/@curwen,El diario de Curwen,politica_opinion
ptCqqSiDMcQ,https://www.youtube.com/watch?v=ptCqqSiDMcQ,ROSA MARÍA PALACIOS ANALYZES IMPUNITY IN THE PUBLIC PROSECUTOR'S OFFICE AND THE POLICE | WITHOUT ...,,900,458.0,https://www.youtube.com/@singuionlr,Sin Guion con Rosa Maria Palacios,politica_periodismo
vZGeuZTShRc,https://www.youtube.com/watch?v=vZGeuZTShRc,ROSA MARÍA PALACIOS ANALYZES ROBERTO SÁNCHEZ'S ATTEMPTS TO DISPUTE KEIKO'S VICTORY,,838,10000.0,https://www.youtube.com/@singuionlr,Sin Guion con Rosa Maria Palacios,politica_periodismo
2CmuH8PAQ1M,https://www.youtube.com/watch?v=2CmuH8PAQ1M,"SIN GUION WITH ROSA MARÍA PALACIOS: PROGRAM FOR JULY 3, 2026",,4553,26000.0,https://www.youtube.com/@singuionlr,Sin Guion con Rosa Maria Palacios,politica_periodismo
OuG2R8Ic2Rw,https://www.youtube.com/watch?v=OuG2R8Ic2Rw,ROSA MARÍA PALACIOS RESPONDS | OFF SCRIPT,,2107,1500.0,https://www.youtube.com/@singuionlr,Sin Guion con Rosa Maria Palacios,politica_periodismo
_y2FwyhattM,https://www.youtube.com/watch?v=_y2FwyhattM,THE CHALLENGES FACING THE NEW GOVERNMENT: WHAT WILL KEIKO FUJIMORI DO? | OFF SCRIPT,,1114,3100.0,https://www.youtube.com/@singuionlr,Sin Guion con Rosa Maria Palacios,politica_periodismo
_0QIp5dAYak,https://www.youtube.com/watch?v=_0QIp5dAYak,ROSA MARÍA PALACIOS ANALYZES KEIKO FUJIMORI'S FIRST INTERVIEW | WITHOUT A SCRIPT,,1764,13000.0,https://www.youtube.com/@singuionlr,Sin Guion con Rosa Maria Palacios,politica_periodismo
BjGEqNcVf4s,https://www.youtube.com/watch?v=BjGEqNcVf4s,"SIN GUION WITH ROSA MARÍA PALACIOS: JULY 2, 2026 PROGRAM",,5243,24000.0,https://www.youtube.com/@singuionlr,Sin Guion con Rosa Maria Palacios,politica_periodismo
DCT8LpeuUoQ,https://www.youtube.com/watch?v=DCT8LpeuUoQ,"ROSA MARÍA PALACIOS INTERVIEWS MARIANELLA LEDESMA, FORMER PRESIDENT OF THE CONSTITUTIONAL COURT #...",,2831,22000.0,https://www.youtube.com/@singuionlr,Sin Guion con Rosa Maria Palacios,politica_periodismo
j24HNPkL888,https://www.youtube.com/watch?v=j24HNPkL888,ROSA MARÍA PALACIOS ANALYZES THE FINAL DAYS OF JOSÉ MARÍA BALCÁZAR | WITHOUT A SCRIPT,,645,787.0,https://www.youtube.com/@singuionlr,Sin Guion con Rosa Maria Palacios,politica_periodismo
8BxoydHkucA,https://www.youtube.com/watch?v=8BxoydHkucA,Rafael López Aliaga's candidacy rejected! JEE said no! Rosa María Palacios explains | Unscripted,,1054,4200.0,https://www.youtube.com/@singuionlr,Sin Guion con Rosa Maria Palacios,politica_periodismo
0BVsFSnoLG0,https://www.youtube.com/watch?v=0BVsFSnoLG0,SIN GUION CON ROSA MARÍA PALACIOS: PROGRAMA DEL 1 DE JULIO DEL 2026,,5189,21000.0,https://www.youtube.com/@singuionlr,Sin Guion con Rosa Maria Palacios,politica_periodismo
oJOX6UfckfI,https://www.youtube.com/watch?v=oJOX6UfckfI,MAYORS SEEK REELECTION | UN SCRIPTED WITH ROSA MARÍA PALACIOS,,1626,6000.0,https://www.youtube.com/@singuionlr,Sin Guion con Rosa Maria Palacios,politica_periodismo
wtJ-bbixXZ4,https://www.youtube.com/watch?v=wtJ-bbixXZ4,KEIKO FUJIMORI IS THE PRESIDENT OF PERU | WITHOUT A SCRIPT WITH ROSA MARÍA PALACIOS,,1153,21000.0,https://www.youtube.com/@singuionlr,Sin Guion con Rosa Maria Palacios,politica_periodismo
zq1D5Cc_g9o,https://www.youtube.com/watch?v=zq1D5Cc_g9o,"SIN GUION WITH ROSA MARÍA PALACIOS: PROGRAM FOR JUNE 30, 2026",,4994,22000.0,https://www.youtube.com/@singuionlr,Sin Guion con Rosa Maria Palacios,politica_periodismo
mvWuuyVjK24,https://www.youtube.com/watch?v=mvWuuyVjK24,"ROSA MARÍA PALACIOS interviews CARLOS BRUCE, candidate for MAYOR OF LIMA #INTERVIEW",,3177,26000.0,https://www.youtube.com/@singuionlr,Sin Guion con Rosa Maria Palacios,politica_periodismo
9iN3YewZGyI,https://www.youtube.com/watch?v=9iN3YewZGyI,ROSA MARÍA PALACIOS analyzes the STATE OF THE JUDICIARY | SIN GUION,,923,4600.0,https://www.youtube.com/@singuionlr,Sin Guion con Rosa Maria Palacios,politica_periodismo
_1p1cLJUi5s,https://www.youtube.com/watch?v=_1p1cLJUi5s,ROSA MARÍA PALACIOS analyzes the NEW CONGRESS ALLIANCES | NO SCRIPT,,1870,9200.0,https://www.youtube.com/@singuionlr,Sin Guion con Rosa Maria Palacios,politica_periodismo
4IR5iGSSbP4,https://www.youtube.com/watch?v=4IR5iGSSbP4,SIN GUION CON ROSA MARÍA PALACIOS: PROGRAMA DEL 26 DE JUNIO DEL 2026,,6457,20000.0,https://www.youtube.com/@singuionlr,Sin Guion con Rosa Maria Palacios,politica_periodismo
NWV_9fiY4uw,https://www.youtube.com/watch?v=NWV_9fiY4uw,"ROSA MARÍA PALACIOS interviews FRANCIS ALLISON, candidate for MAYOR OF LIMA | WITHOUT A SCRIPT",,2714,25000.0,https://www.youtube.com/@singuionlr,Sin Guion con Rosa Maria Palacios,politica_periodismo
nsAcikV2pR8,https://www.youtube.com/watch?v=nsAcikV2pR8,"ROSA MARÍA PALACIOS interviews EDINSON HUAMAN, OLLANTA HUMALA'S LAWYER | SIN GUION",,1421,2200.0,https://www.youtube.com/@singuionlr,Sin Guion con Rosa Maria Palacios,politica_periodismo
F2OFntM8yvk,https://www.youtube.com/watch?v=F2OFntM8yvk,Piura: Explosive detonated at Ayabaca mayoral candidate's home following political event,,78,449.0,https://www.youtube.com/@RPPNoticias,RPP Noticias,politica_actualidad
9sVDxj1N0ag,https://www.youtube.com/watch?v=9sVDxj1N0ag,UNICEF launches donation campaign to address emergency in Venezuela,,399,185.0,https://www.youtube.com/@RPPNoticias,RPP Noticias,politica_actualidad
prvoWy3G3sc,https://www.youtube.com/watch?v=prvoWy3G3sc,"📖 ‘ASSAULT, DELIRIUM, AND BETRAYAL’, A BIOGRAPHY OF ANTAURO HUMALA #LETRASENELTIEMPO",,2750,603.0,https://www.youtube.com/@RPPNoticias,RPP Noticias,politica_actualidad
LRyxonXxPOE,https://www.youtube.com/watch?v=LRyxonXxPOE,Constitutional expert analyzes Rafael López Aliaga's case: legal limbo over his bid for city coun...,,1071,2400.0,https://www.youtube.com/@RPPNoticias,RPP Noticias,politica_actualidad
fQWMsYaHDGA,https://www.youtube.com/watch?v=fQWMsYaHDGA,"Piura surpasses 1,000 cases of leptospirosis and records the highest death toll in the country",,569,298.0,https://www.youtube.com/@RPPNoticias,RPP Noticias,politica_actualidad
KdOUoeob0q4,https://www.youtube.com/watch?v=KdOUoeob0q4,🐶🚨 The story of Kayra’s rescue of a survivor in Venezuela #ENFOQUERPP,,318,570.0,https://www.youtube.com/@RPPNoticias,RPP Noticias,politica_actualidad
Opqh4BVYA3A,https://www.youtube.com/watch?v=Opqh4BVYA3A,Peruvian Fire Department's USAR Team Urged Speedier Deployment to International Emergencies,,801,894.0,https://www.youtube.com/@RPPNoticias,RPP Noticias,politica_actualidad
f9Sz1Ngs_FQ,https://www.youtube.com/watch?v=f9Sz1Ngs_FQ,Patricia Juárez reveals the priorities of Keiko Fujimori's next government,,944,12000.0,https://www.youtube.com/@RPPNoticias,RPP Noticias,politica_actualidad
SZtqKK1htu8,https://www.youtube.com/watch?v=SZtqKK1htu8,Police arrest four suspected extortionists in Santa Anita,,185,355.0,https://www.youtube.com/@RPPNoticias,RPP Noticias,politica_actualidad
XXnM1XFCZyE,https://www.youtube.com/watch?v=XXnM1XFCZyE,Pedro Sánchez saluda a Keiko Fujimori tras su proclamación como presidenta,,147,34000.0,https://www.youtube.com/@RPPNoticias,RPP Noticias,politica_actualidad
_kvf9nOWYS0,https://www.youtube.com/watch?v=_kvf9nOWYS0,All the details of Keiko Fujimori's presidential proclamation,,250,13000.0,https://www.youtube.com/@RPPNoticias,RPP Noticias,politica_actualidad
StcGWVmzmFo,https://www.youtube.com/watch?v=StcGWVmzmFo,🔴 USAR team returns to Peru after rescue efforts in Venezuela | Kayra also returns,,370,2300.0,https://www.youtube.com/@RPPNoticias,RPP Noticias,politica_actualidad
BdzPa-mXVPg,https://www.youtube.com/watch?v=BdzPa-mXVPg,🔥 Argentina vs. Cape Verde: An Unforgettable World Cup Match. Was La Albiceleste in Danger?,,494,8500.0,https://www.youtube.com/@RPPNoticias,RPP Noticias,politica_actualidad
OgMNe_yJN-I,https://www.youtube.com/watch?v=OgMNe_yJN-I,The trip that traumatized a taxi driver #VAOD,,590,2300.0,https://www.youtube.com/@RPPNoticias,RPP Noticias,politica_actualidad
szIxNr3w_bE,https://www.youtube.com/watch?v=szIxNr3w_bE,🇨🇻🔥 CABO VERDE’S HISTORIC WORLD CUP RUN | DID THE UNDERDOG ALMOST ELIMINATE ARGENTINA?,,408,4500.0,https://www.youtube.com/@RPPNoticias,RPP Noticias,politica_actualidad
xtiKD-as5_0,https://www.youtube.com/watch?v=xtiKD-as5_0,ARGENTINA VS CAPE VERDE: IS SCALONI ON ALERT AFTER THEIR TOUGHEST WORLD CUP MATCH?,,735,27000.0,https://www.youtube.com/@RPPNoticias,RPP Noticias,politica_actualidad
eONhcDNGNBA,https://www.youtube.com/watch?v=eONhcDNGNBA,Mesías Guevara analyzes the challenges of Keiko Fujimori's government | Trial by Fire | RPP,,1138,2100.0,https://www.youtube.com/@RPPNoticias,RPP Noticias,politica_actualidad
8vU_6oTbk3c,https://www.youtube.com/watch?v=8vU_6oTbk3c,Francisco Giampietri proposes Renovación Popular support for Keiko Fujimori's government,,1016,10000.0,https://www.youtube.com/@RPPNoticias,RPP Noticias,politica_actualidad
GM-Wf1dcb9U,https://www.youtube.com/watch?v=GM-Wf1dcb9U,"Keiko Fujimori anuncia un gobierno ""sin importar el color político"" tras su proclamación | RPP",,441,45000.0,https://www.youtube.com/@RPPNoticias,RPP Noticias,politica_actualidad
5JZogtvinZc,https://www.youtube.com/watch?v=5JZogtvinZc,Roberto Sánchez sets conditions for participating in dialogue with Keiko Fujimori,,178,32000.0,https://www.youtube.com/@RPPNoticias,RPP Noticias,politica_actualidad
Q9dh2N9OWrA,https://www.youtube.com/watch?v=Q9dh2N9OWrA,Ahora y en la Hora - JUL 03 - DRIVER WHO DIED IN SJM HAD A CRIMINAL RECORD | Willax,,1169,2600.0,https://www.youtube.com/@WillaxTV,Willax Television,politica_opinion
v_voQ5g4fOE,https://www.youtube.com/watch?v=v_voQ5g4fOE,Ahora y en la Hora - JUL 03 - 1/2 - CONTROVERSY OVER POLICE INTERVENTION | Willax,,3332,11000.0,https://www.youtube.com/@WillaxTV,Willax Television,politica_opinion
m-JaMfQqngU,https://www.youtube.com/watch?v=m-JaMfQqngU,Here and Now - JUL 03 - FULL INTERVIEW WITH ALEJANDRO INDACOCHEA | Willax,,1020,2000.0,https://www.youtube.com/@WillaxTV,Willax Television,politica_opinion
y7RC898gJXw,https://www.youtube.com/watch?v=y7RC898gJXw,Ahora y en la Hora - JUL 03 - 2/2 - FAREWELL | Willax,,34,360.0,https://www.youtube.com/@WillaxTV,Willax Television,politica_opinion
aafjhOBSjq4,https://www.youtube.com/watch?v=aafjhOBSjq4,Beto a Saber - JUL 03 - FULL INTERVIEW WITH CARLA GARCÍA | Willax,,2550,51000.0,https://www.youtube.com/@WillaxTV,Willax Television,politica_opinion
txMPWjdm7vI,https://www.youtube.com/watch?v=txMPWjdm7vI,Beto a Saber - JUL 03 - 1/3 - AN INDEPENDENCE CELEBRATION | Willax,,2414,56000.0,https://www.youtube.com/@WillaxTV,Willax Television,politica_opinion
jwklU0c9r-k,https://www.youtube.com/watch?v=jwklU0c9r-k,Beto a Saber - JUL 03 - 2/3 - CALLAO TREATS ME RIGHT | Willax,,540,4600.0,https://www.youtube.com/@WillaxTV,Willax Television,politica_opinion
LnxOoz5EY-s,https://www.youtube.com/watch?v=LnxOoz5EY-s,Beto a Saber - JUL 03 - 3/3 - TROUBLE IN APRA | Willax,,341,6100.0,https://www.youtube.com/@WillaxTV,Willax Television,politica_opinion
kXJoZtKXolg,https://www.youtube.com/watch?v=kXJoZtKXolg,Beto a Saber - JUL 03 - THE TRANSITION BEGINS | Willax,,262,2100.0,https://www.youtube.com/@WillaxTV,Willax Television,politica_opinion
2wLHdL87grs,https://www.youtube.com/watch?v=2wLHdL87grs,Contra Corriente - JUL 03 - FULL INTERVIEW WITH ALEXANDRA MARANO | Willax,,759,1500.0,https://www.youtube.com/@WillaxTV,Willax Television,politica_opinion
fNcswREjQ9s,https://www.youtube.com/watch?v=fNcswREjQ9s,Contra Corriente - JUL 03 - LAVA JATO NO PUDO LAVARSE | Willax,,758,1000.0,https://www.youtube.com/@WillaxTV,Willax Television,politica_opinion
6Rz4d1SSGMg,https://www.youtube.com/watch?v=6Rz4d1SSGMg,"Contra Corriente - JUL 03 - 1/3 - EVERYONE TALKS, NO ONE NEGOTIATES | Willax",,2486,11000.0,https://www.youtube.com/@WillaxTV,Willax Television,politica_opinion
xBo5lMFTVqg,https://www.youtube.com/watch?v=xBo5lMFTVqg,Willax Noticias - JUL 03 - 1/3 - KEIKO FUJIMORI CONTINÚA CON REUNIONES EN LOCAL DE CAMPAÑA | Willax,,1202,294.0,https://www.youtube.com/@WillaxTV,Willax Television,politica_opinion
y-46XkmDpHk,https://www.youtube.com/watch?v=y-46XkmDpHk,Willax Noticias - JUL 03 - 2/3 - SENATORS AND DEPUTIES RULE OUT TRUCE WITH GOVERNMENT | Willax,,1317,11000.0,https://www.youtube.com/@WillaxTV,Willax Television,politica_opinion
RNM3y31Nkg4,https://www.youtube.com/watch?v=RNM3y31Nkg4,Contra Corriente - JUL 03 - 2/3 - ALEXANDRA MARALLANO ON CONTRACORRIENTE | Willax,,443,983.0,https://www.youtube.com/@WillaxTV,Willax Television,politica_opinion
qREVo1KoPlo,https://www.youtube.com/watch?v=qREVo1KoPlo,Against the Current - JUL 03 - 3/3 - | Willax,,367,579.0,https://www.youtube.com/@WillaxTV,Willax Television,politica_opinion
EODAIKXAzbU,https://www.youtube.com/watch?v=EODAIKXAzbU,Willax News - JUL 03 - 3/3 - ARGENTINA STRUGGLES TO ELIMINATE CAPE VERDE | Willax,,391,119.0,https://www.youtube.com/@WillaxTV,Willax Television,politica_opinion
dHNeUydOdts,https://www.youtube.com/watch?v=dHNeUydOdts,Against the Current - JUL 03 - CONVERSATIONS WITH A POLITICAL CALCULATOR | Willax,,486,403.0,https://www.youtube.com/@WillaxTV,Willax Television,politica_opinion
V3DxjObEC6E,https://www.youtube.com/watch?v=V3DxjObEC6E,Contra Corriente - JUL 03 - LEADERLESS TRENCH | Willax,,544,2500.0,https://www.youtube.com/@WillaxTV,Willax Television,politica_opinion
-BTi-sX6fyg,https://www.youtube.com/watch?v=-BTi-sX6fyg,Amor y Fuego - JUL 03 - 2/4 - FLAVIA LAOS AND AUSTIN PALAO SET CHILEAN REALITY SHOW ON FIRE | Willax,,4027,5800.0,https://www.youtube.com/@WillaxTV,Willax Television,politica_opinion
BpobowctBZM,https://www.youtube.com/watch?v=BpobowctBZM,WHY DID PHILLIP BUTTERS LEAVE SOCCER? | WILL BUTTERS RETURN TO POLITICS? | HABLA GOOD,,849,4800.0,https://www.youtube.com/@todogoodpe,Todo Good,streaming_humor_opinion
PzKZXXSnCqs,https://www.youtube.com/watch?v=PzKZXXSnCqs,BAIGORRIA DEFENDS SAID PALAO | CALLS OUT REPORTER | VERY GOOD CLIPS,,753,1200.0,https://www.youtube.com/@todogoodpe,Todo Good,streaming_humor_opinion
7fi8997NtdU,https://www.youtube.com/watch?v=7fi8997NtdU,HOW MUCH DO YOU NEED TO BUY AN APARTMENT? | IS RENTING BETTER THAN BUYING? | TALK GOOD,,641,14000.0,https://www.youtube.com/@todogoodpe,Todo Good,streaming_humor_opinion
q6nGno7pVLU,https://www.youtube.com/watch?v=q6nGno7pVLU,TALAVERA TELLS US IF THERE WERE GHOSTS IN TODO GOOD | OH MY GOOD,,2554,65000.0,https://www.youtube.com/@todogoodpe,Todo Good,streaming_humor_opinion
0e60T6RA8QA,https://www.youtube.com/watch?v=0e60T6RA8QA,¿QUÉ PASÓ EN AS4LT0 EN JR DE LA UNIÓN? | ¿LA POLICÍA NO TIENE PROTOCOLOS CONTRA ROBOS? | HABLA GOOD,,808,45000.0,https://www.youtube.com/@todogoodpe,Todo Good,streaming_humor_opinion
R4rTHGmCSfI,https://www.youtube.com/watch?v=R4rTHGmCSfI,WE RECREATE PELAO'S LIFE AND WORK | WE CELEBRATE PELAO FOR FATHER'S DAY | TALK GOOD,,828,25000.0,https://www.youtube.com/@todogoodpe,Todo Good,streaming_humor_opinion
NyqIjoSJHeI,https://www.youtube.com/watch?v=NyqIjoSJHeI,¿MAGALY ESTÁ PERDIENDO LA BATALLA CONTRA FARFÁN? | CURWEN ACONSEJA A MAGALY MEDINA | HABLA GOOD,,701,31000.0,https://www.youtube.com/@todogoodpe,Todo Good,streaming_humor_opinion
BpuHyZzmRP0,https://www.youtube.com/watch?v=BpuHyZzmRP0,¿FARFAN PRUEBA QUE MAGALY NO HIZO TRABAJO COMUNITARIO? | HABLA GOOD,,1369,24000.0,https://www.youtube.com/@todogoodpe,Todo Good,streaming_humor_opinion
8jG-gLbw6Ns,https://www.youtube.com/watch?v=8jG-gLbw6Ns,WHAT WILL HAPPEN TO TODO GOOD UNDER KEIKO'S GOVERNMENT? | IS CURWEN LEAVING THE COUNTRY? | HABLA ...,,877,34000.0,https://www.youtube.com/@todogoodpe,Todo Good,streaming_humor_opinion
khBirfuizS4,https://www.youtube.com/watch?v=khBirfuizS4,¿PERUANOS EN EL EXTRANJERO DEBERÍAN VOTAR? | ¿EXTRANJEROS BENEFICIAN ELECCIÓN A KEIKO? | HABLA GOOD,,820,17000.0,https://www.youtube.com/@todogoodpe,Todo Good,streaming_humor_opinion
Ru_AilT_3go,https://www.youtube.com/watch?v=Ru_AilT_3go,DID CURWEN SAVE PERU WITH HIS INTERVIEW WITH JORGE NIETO? | HABLA GOOD,,1161,75000.0,https://www.youtube.com/@todogoodpe,Todo Good,streaming_humor_opinion
VQEIoqpLDNE,https://www.youtube.com/watch?v=VQEIoqpLDNE,WHICH WAS THE BEST HABLA GOOD TEAM? | DID CURWEN AND TONINO INJURE PELAO? | HABLA GOOD,,2312,35000.0,https://www.youtube.com/@todogoodpe,Todo Good,streaming_humor_opinion
LXWdHvXcY7M,https://www.youtube.com/watch?v=LXWdHvXcY7M,WHY WAS KEIKO NOT IN PUNO? | DO THE MEDIA FAVOR KEIKO FUJIMORI? | SPEAKING FACTS,,1956,28000.0,https://www.youtube.com/@todogoodpe,Todo Good,streaming_humor_opinion
MB6PR7xGWV0,https://www.youtube.com/watch?v=MB6PR7xGWV0,¿ESTÁ MAL VOTAR VICIADO EN ESTAS ELECCIONES? | ¿CUÁL ES LA MEJOR OPCIÓN DE VOTO? | HABLA GOOD,,709,12000.0,https://www.youtube.com/@todogoodpe,Todo Good,streaming_humor_opinion
opcJTeXHKRc,https://www.youtube.com/watch?v=opcJTeXHKRc,Did Roberto Sánchez win the debate against Keiko Fujimori? | Good Speaks,,1644,52000.0,https://www.youtube.com/@todogoodpe,Todo Good,streaming_humor_opinion
s1Pvitzzjmw,https://www.youtube.com/watch?v=s1Pvitzzjmw,HOW MUCH SHOULD I EARN TO LIVE WELL IN MY 30S? | IS MONEY IMPORTANT? | SPEAK GOOD,,764,70000.0,https://www.youtube.com/@todogoodpe,Todo Good,streaming_humor_opinion
nItQRZBlAhc,https://www.youtube.com/watch?v=nItQRZBlAhc,THE BEST FILM IN THE SAGA? | STAR WARS: REVENGE OF THE SITH REVIEW | BASED ON GOOD,,2039,23000.0,https://www.youtube.com/@todogoodpe,Todo Good,streaming_humor_opinion
tZY-KoTAaYA,https://www.youtube.com/watch?v=tZY-KoTAaYA,THE ICEBERG OF THE BEST MOMENTS OF ALL GOOD | HABLA GOOD,,1406,24000.0,https://www.youtube.com/@todogoodpe,Todo Good,streaming_humor_opinion
fW3OwzGBqx0,https://www.youtube.com/watch?v=fW3OwzGBqx0,BEST MOMENTS FROM THE 2026 TECHNICAL DEBATE | WHAT HAPPENED AT THE TECHNICAL DEBATE? | HABLA GOOD,,2036,45000.0,https://www.youtube.com/@todogoodpe,Todo Good,streaming_humor_opinion
WLEMdAAr0QY,https://www.youtube.com/watch?v=WLEMdAAr0QY,IS STAR WARS EPISODE 2 BORING? | BASED GOOD: STAR WARS ATTACK OF THE CLONES | TALK GOOD,,1178,24000.0,https://www.youtube.com/@todogoodpe,Todo Good,streaming_humor_opinion
ecOKkO2OGHM,https://www.youtube.com/watch?v=ecOKkO2OGHM,HABLANDO HUEVADAS - Duodécima Temporada [UNA DOCTORA NOS MIRA MAL],,5064,3300000.0,https://www.youtube.com/@HablandoHuevadasOficial,Hablando Huevadas,humor_streaming
EbGVcsBK3Ls,https://www.youtube.com/watch?v=EbGVcsBK3Ls,HABLANDO HUEVADAS - Duodécima Temporada [LA SEÑORA MÁS AMARGADA],,5805,4200000.0,https://www.youtube.com/@HablandoHuevadasOficial,Hablando Huevadas,humor_streaming
PzdDCB1jkf0,https://www.youtube.com/watch?v=PzdDCB1jkf0,HABLANDO HUEVADAS - Duodécima Temporada [¿QUÉ HACES SI TU MUJER TE ENGAÑA?],,5382,4100000.0,https://www.youtube.com/@HablandoHuevadasOficial,Hablando Huevadas,humor_streaming
q81OqAv6CVU,https://www.youtube.com/watch?v=q81OqAv6CVU,HABLANDO HUEVADAS - Duodécima Temporada [CUMPLIMOS SUEÑO A NIÑO MICROBUSERO],,5665,4300000.0,https://www.youtube.com/@HablandoHuevadasOficial,Hablando Huevadas,humor_streaming
gtRwmm361nA,https://www.youtube.com/watch?v=gtRwmm361nA,HABLANDO HUEVADAS - Duodécima Temporada [SEÑORA GANÓ 4 MILLONES DE DOLARES],,5377,4800000.0,https://www.youtube.com/@HablandoHuevadasOficial,Hablando Huevadas,humor_streaming
b3eJMXGhXtw,https://www.youtube.com/watch?v=b3eJMXGhXtw,HABLANDO HUEVADAS - Duodécima Temporada [LOS HOMBRES DEBEN PEDIR PERMISO],,5465,4800000.0,https://www.youtube.com/@HablandoHuevadasOficial,Hablando Huevadas,humor_streaming
blR2OR5WPws,https://www.youtube.com/watch?v=blR2OR5WPws,HABLANDO HUEVADAS - Duodécima Temporada [JORGE PELEA CON UN DISCAPACITADO],,6263,5400000.0,https://www.youtube.com/@HablandoHuevadasOficial,Hablando Huevadas,humor_streaming
WbhUSGpc-A0,https://www.youtube.com/watch?v=WbhUSGpc-A0,HABLANDO HUEVADAS - Duodécima Temporada [CAMILA LA COQUETA],,6040,4800000.0,https://www.youtube.com/@HablandoHuevadasOficial,Hablando Huevadas,humor_streaming
Hlu5jBgxPiA,https://www.youtube.com/watch?v=Hlu5jBgxPiA,HABLANDO HUEVADAS - Duodécima Temporada [EL HOMBRE MÁS FUERTE DEL MUNDO],,5946,4600000.0,https://www.youtube.com/@HablandoHuevadasOficial,Hablando Huevadas,humor_streaming
QehTFxWfw-Y,https://www.youtube.com/watch?v=QehTFxWfw-Y,HABLANDO HUEVADAS - Duodécima Temporada [NIÑA CUENTA LA MEJOR ANÉCDOTA],,5588,4600000.0,https://www.youtube.com/@HablandoHuevadasOficial,Hablando Huevadas,humor_streaming
JofddXZxpM4,https://www.youtube.com/watch?v=JofddXZxpM4,HABLANDO HUEVADAS - Duodécima Temporada [JORGE Y LA MEJOR PROPINA],,5543,4500000.0,https://www.youtube.com/@HablandoHuevadasOficial,Hablando Huevadas,humor_streaming
dkNkhybzhbw,https://www.youtube.com/watch?v=dkNkhybzhbw,HABLANDO HUEVADAS - Duodécima Temporada [EL JUICIO POR ALIMENTOS],,5471,4600000.0,https://www.youtube.com/@HablandoHuevadasOficial,Hablando Huevadas,humor_streaming
TNgS7sRfA58,https://www.youtube.com/watch?v=TNgS7sRfA58,HABLANDO HUEVADAS - Duodécima Temporada [EL CHICO QUE NO PASÓ EL CASTING],,6078,4300000.0,https://www.youtube.com/@HablandoHuevadasOficial,Hablando Huevadas,humor_streaming
E6uXI7kWuN0,https://www.youtube.com/watch?v=E6uXI7kWuN0,HABLANDO HUEVADAS - Duodécima Temporada [DEBATE PRESIDENCIAL - AMPAY EN EL YATE],,7082,5600000.0,https://www.youtube.com/@HablandoHuevadasOficial,Hablando Huevadas,humor_streaming
duFRnVo2LXg,https://www.youtube.com/watch?v=duFRnVo2LXg,HABLANDO HUEVADAS - Duodécima Temporada [¡ESTAMOS EN LA CIMA!],,5895,4700000.0,https://www.youtube.com/@HablandoHuevadasOficial,Hablando Huevadas,humor_streaming
t-aFU36gRKs,https://www.youtube.com/watch?v=t-aFU36gRKs,HABLANDO HUEVADAS - Duodécima Temporada [EXPONIENDO INFIELES],,6255,6600000.0,https://www.youtube.com/@HablandoHuevadasOficial,Hablando Huevadas,humor_streaming
8TRHEOii-AM,https://www.youtube.com/watch?v=8TRHEOii-AM,HABLANDO HUEVADAS - Duodécima Temporada [RICARDO YA ES PAPÁ],,5078,5100000.0,https://www.youtube.com/@HablandoHuevadasOficial,Hablando Huevadas,humor_streaming
5R53jbgXVo8,https://www.youtube.com/watch?v=5R53jbgXVo8,Bonus Track HABLANDO HUEVADAS - Undécima Temporada [JORGITO Y JORGITA],,5427,4300000.0,https://www.youtube.com/@HablandoHuevadasOficial,Hablando Huevadas,humor_streaming
gLE7dOYCFqI,https://www.youtube.com/watch?v=gLE7dOYCFqI,HABLANDO HUEVADAS - Undécima Temporada [TROLEAN A JORGE],,6034,5600000.0,https://www.youtube.com/@HablandoHuevadasOficial,Hablando Huevadas,humor_streaming
JWIdrIBI1_g,https://www.youtube.com/watch?v=JWIdrIBI1_g,🇧🇴 HABLANDO HUEVADAS - Undécima Temporada [NOTICIAS SOBRE EL VICEPRESIDENTE],,4992,3900000.0,https://www.youtube.com/@HablandoHuevadasOficial,Hablando Huevadas,humor_streaming
P9OQBl8NkEU,https://www.youtube.com/watch?v=P9OQBl8NkEU,An important message ❤️‍🩹,,1707,566000.0,https://www.youtube.com/c/Misiasperoviajeras,Misias pero viajeras,viajes
avYS1tpkZbc,https://www.youtube.com/watch?v=avYS1tpkZbc,The BEST of El Salvador 🇸🇻 | 10 must-do activities 📝🌋🏄🏽‍♀️,,1580,169000.0,https://www.youtube.com/c/Misiasperoviajeras,Misias pero viajeras,viajes
na25oNB_LTg,https://www.youtube.com/watch?v=na25oNB_LTg,"⏰ First 24 hours in EL SALVADOR 🇸🇻 | Food, what to do, and safety 📝",,1751,282000.0,https://www.youtube.com/c/Misiasperoviajeras,Misias pero viajeras,viajes
3dGh081aCOA,https://www.youtube.com/watch?v=3dGh081aCOA,🇻🇪 The 2 faces of LOS ROQUES: the TYCOON ✨ vs. the real one 👊,,1044,128000.0,https://www.youtube.com/c/Misiasperoviajeras,Misias pero viajeras,viajes
KEhZnDXlrxc,https://www.youtube.com/watch?v=KEhZnDXlrxc,¡FULL DAY EN MORROCOY 🇻🇪! Playas turquesas por US$20 🤑,,1103,129000.0,https://www.youtube.com/c/Misiasperoviajeras,Misias pero viajeras,viajes
K9Mv-fnHp7c,https://www.youtube.com/watch?v=K9Mv-fnHp7c,HOTEL XCARET ARTE 2025 🇲🇽 | My favorite hotel in the WORLD 🔝 Why is it? 🤔,,1784,508000.0,https://www.youtube.com/c/Misiasperoviajeras,Misias pero viajeras,viajes
VK7JIMP4NNE,https://www.youtube.com/watch?v=VK7JIMP4NNE,I TRAVELED TO OAXACA FOR THIS 🇲🇽,,1812,100000.0,https://www.youtube.com/c/Misiasperoviajeras,Misias pero viajeras,viajes
FDl4Au7ChhU,https://www.youtube.com/watch?v=FDl4Au7ChhU,¡5 platos que SÍ O SÍ debes probar en tu viaje a México! 🇲🇽 | Peruana AMA comida mexicana 😋🌶️,,602,66000.0,https://www.youtube.com/c/Misiasperoviajeras,Misias pero viajeras,viajes
r4CjVQESD18,https://www.youtube.com/watch?v=r4CjVQESD18,"Rica y abundante 🤤 ¡Así es la comida en CARACAS! 🇻🇪 | Arepas, cachapas, pabellón criollo y más",,1642,432000.0,https://www.youtube.com/c/Misiasperoviajeras,Misias pero viajeras,viajes
aQ4Z8ep51e8,https://www.youtube.com/watch?v=aQ4Z8ep51e8,Exploring Caracas 🇻🇪 | First time in Venezuela 🔥,,1504,250000.0,https://www.youtube.com/c/Misiasperoviajeras,Misias pero viajeras,viajes
8qNeFFulB-A,https://www.youtube.com/watch?v=8qNeFFulB-A,"A Full Day of Madrid Food 🇪🇸 | Traditional, delicious, and cheap! 🍻🥘",,1824,219000.0,https://www.youtube.com/c/Misiasperoviajeras,Misias pero viajeras,viajes
hLfav9BkmVQ,https://www.youtube.com/watch?v=hLfav9BkmVQ,This is how we live in the first world 😲 Latina IMPACTED IN HOLLAND 🇳🇱,,1955,85000.0,https://www.youtube.com/c/Misiasperoviajeras,Misias pero viajeras,viajes
QRssWvOO56g,https://www.youtube.com/watch?v=QRssWvOO56g,🇧🇪 GANTE en 24 Horas: ¿Qué ver y hacer en la ciudad de castillos y canales? 🍟🍻🛶,,1177,84000.0,https://www.youtube.com/c/Misiasperoviajeras,Misias pero viajeras,viajes
vBOgEUO0Qko,https://www.youtube.com/watch?v=vBOgEUO0Qko,"BRUGES: 12 Must-Do Activities! 🇧🇪 | Chocolates, Beer, Squares, and More 🍫🍻",,1340,168000.0,https://www.youtube.com/c/Misiasperoviajeras,Misias pero viajeras,viajes
CcwxWPkax18,https://www.youtube.com/watch?v=CcwxWPkax18,"I slept in the Sahara Desert 🇲🇦😱 | 4-Day Tour: The Good, the Bad, and the Ugly",,2596,111000.0,https://www.youtube.com/c/Misiasperoviajeras,Misias pero viajeras,viajes
-sc2VZhjozU,https://www.youtube.com/watch?v=-sc2VZhjozU,Moroccan Food Guide 🇲🇦 | From Restaurants to Street Stalls,,1690,110000.0,https://www.youtube.com/c/Misiasperoviajeras,Misias pero viajeras,viajes
vewQXipobtc,https://www.youtube.com/watch?v=vewQXipobtc,"I did all this in MARRAKECH, good, nice AND CHEAP",,1752,136000.0,https://www.youtube.com/c/Misiasperoviajeras,Misias pero viajeras,viajes
9km_eIosTeY,https://www.youtube.com/watch?v=9km_eIosTeY,"First 24 hours in MOROCCO! 🛩️🇲🇦 Arrival, accommodation, and first impressions 📝",,1505,116000.0,https://www.youtube.com/c/Misiasperoviajeras,Misias pero viajeras,viajes
Ho9Yv7Vc07E,https://www.youtube.com/watch?v=Ho9Yv7Vc07E,"Complete Guide to Machu Picchu 🇵🇪 | Transportation, Prices, and ALL Routes!",,2140,410000.0,https://www.youtube.com/c/Misiasperoviajeras,Misias pero viajeras,viajes
TQMeCmEPwSQ,https://www.youtube.com/watch?v=TQMeCmEPwSQ,15 Things You MUST Do in Tokyo | 24-Hour Quick Guide,,3534,304000.0,https://www.youtube.com/c/Misiasperoviajeras,Misias pero viajeras,viajes
lotsFKTiSxI,https://www.youtube.com/watch?v=lotsFKTiSxI,TARICAYA 🐢 The best way to discover and connect with the Amazon 🌳,,1221,35000.0,https://www.youtube.com/c/BuenViajePe,Buen Viaje,viajes
raPtQrmXn40,https://www.youtube.com/watch?v=raPtQrmXn40,HUAYHUASH 🏔️ The most beautiful walk in the world??? It is in Peru 🇵🇪,,1443,120000.0,https://www.youtube.com/c/BuenViajePe,Buen Viaje,viajes
MjxTI0GkAAE,https://www.youtube.com/watch?v=MjxTI0GkAAE,"ISHINCA 🏔️ Reaching the summit wasn't easy, but we did it 💪🏻",,1206,56000.0,https://www.youtube.com/c/BuenViajePe,Buen Viaje,viajes
_M-8PB-_J-g,https://www.youtube.com/watch?v=_M-8PB-_J-g,SALKANTAY 🏔️ Why is it the busiest hike in Peru?,,1403,31000.0,https://www.youtube.com/c/BuenViajePe,Buen Viaje,viajes
WYgCsw8ymao,https://www.youtube.com/watch?v=WYgCsw8ymao,INTI RAYMI ☀️ The most impressive celebration in the Andes ⛰️,,1334,27000.0,https://www.youtube.com/c/BuenViajePe,Buen Viaje,viajes
cNgIi08qyD8,https://www.youtube.com/watch?v=cNgIi08qyD8,Rafting on the APURIMAC RIVER: an adrenaline-filled adventure filled with nature 💥,,1434,46000.0,https://www.youtube.com/c/BuenViajePe,Buen Viaje,viajes
QtzQlmxLBHg,https://www.youtube.com/watch?v=QtzQlmxLBHg,"Discover Tambopata, a reserve deep in the Peruvian Amazon.",,1403,17000.0,https://www.youtube.com/c/BuenViajePe,Buen Viaje,viajes
PRiiMz3AGjY,https://www.youtube.com/watch?v=PRiiMz3AGjY,"Rioja was a BIG surprise. We didn't expect it, but we fell in love with this destination 🌱✨",,1370,22000.0,https://www.youtube.com/c/BuenViajePe,Buen Viaje,viajes
Ew7fAGHS3iM,https://www.youtube.com/watch?v=Ew7fAGHS3iM,Caleta San José is a paradise on the coast of Arequipa 💙,,1412,45000.0,https://www.youtube.com/c/BuenViajePe,Buen Viaje,viajes
uhRjAN2dX50,https://www.youtube.com/watch?v=uhRjAN2dX50,We camped in Rupac; the Limean Machu Picchu 🙌🏻,,1503,18000.0,https://www.youtube.com/c/BuenViajePe,Buen Viaje,viajes
cuVjIkc9dxE,https://www.youtube.com/watch?v=cuVjIkc9dxE,Looking for snow in the rainy season 🏔️🌧️,,1448,15000.0,https://www.youtube.com/c/BuenViajePe,Buen Viaje,viajes
jehBrIUzg-Y,https://www.youtube.com/watch?v=jehBrIUzg-Y,The best place to camp in front of the sea ⛺️🌊,,1436,16000.0,https://www.youtube.com/c/BuenViajePe,Buen Viaje,viajes
d7hyv8FBoX0,https://www.youtube.com/watch?v=d7hyv8FBoX0,Las playas de Huarmey te están esperando para enamorarte 🐚,,733,56000.0,https://www.youtube.com/c/BuenViajePe,Buen Viaje,viajes
0zuA274Qwqk,https://www.youtube.com/watch?v=0zuA274Qwqk,This is one of the most beautiful treks in Peru and the world 🏔️🌎,,1485,80000.0,https://www.youtube.com/c/BuenViajePe,Buen Viaje,viajes
EWTgjK8G9gw,https://www.youtube.com/watch?v=EWTgjK8G9gw,Yoyato River and Mainique Gorge in the beautiful jungle of Cusco 🌈🌿,,831,20000.0,https://www.youtube.com/c/BuenViajePe,Buen Viaje,viajes
Lh1iM-qdOao,https://www.youtube.com/watch?v=Lh1iM-qdOao,Laguna 69 por otra ruta con menos gente 😉,,627,9800.0,https://www.youtube.com/c/BuenViajePe,Buen Viaje,viajes
AM0H6J5hISk,https://www.youtube.com/watch?v=AM0H6J5hISk,"Así se sintió llegar a 5686 msnm, a la cumbre de la Montaña de los Sueños 💪🏻🤍",,1054,18000.0,https://www.youtube.com/c/BuenViajePe,Buen Viaje,viajes
x4rznr5DO2o,https://www.youtube.com/watch?v=x4rznr5DO2o,Acampamos en la Laguna Radián con vista a 5 nevados de la Cordillera Blanca 🏔️👌🏻,,611,2600.0,https://www.youtube.com/c/BuenViajePe,Buen Viaje,viajes
SBTniIZhbcI,https://www.youtube.com/watch?v=SBTniIZhbcI,Un festival de música en medio de la selva peruana 🌳🎶,,604,5300.0,https://www.youtube.com/c/BuenViajePe,Buen Viaje,viajes
GM3QdzndLLw,https://www.youtube.com/watch?v=GM3QdzndLLw,4 chicas manejando de Lima a Oxapampa. Todo lo que pasó en ese carro 😜,,611,8700.0,https://www.youtube.com/c/BuenViajePe,Buen Viaje,viajes
ZG4LlLmxXHk,https://www.youtube.com/watch?v=ZG4LlLmxXHk,SACRED VALLEY OF THE INCAS: The hidden gourmet route almost no one takes. Cusco,,932,50000.0,https://www.youtube.com/@ViajayPrueba,Viaja y Prueba,viajes_gastronomia
d7LfvurGQdY,https://www.youtube.com/watch?v=d7LfvurGQdY,THE BEST EMPANADAS. Tejadita in search of the fullest and tastiest empanadas in Lima.,,895,53000.0,https://www.youtube.com/@ViajayPrueba,Viaja y Prueba,viajes_gastronomia
4-WgE-1FsI4,https://www.youtube.com/watch?v=4-WgE-1FsI4,Cambió la comida amazónica para siempre: Especial Tarapoto 🇵🇪,,638,38000.0,https://www.youtube.com/@ViajayPrueba,Viaja y Prueba,viajes_gastronomia
M2bfZIwh7Iw,https://www.youtube.com/watch?v=M2bfZIwh7Iw,The Secret Route of TARAPOTO: Hidden Gems with Incredible Food 🤤,,1020,99000.0,https://www.youtube.com/@ViajayPrueba,Viaja y Prueba,viajes_gastronomia
ON5PcMlJQh0,https://www.youtube.com/watch?v=ON5PcMlJQh0,"VIAJAMOS A 4,000 METROS por el ""Oro Negro"" de Junín: Esta es ""La Ruta de la Maca"".",,586,78000.0,https://www.youtube.com/@ViajayPrueba,Viaja y Prueba,viajes_gastronomia
_HCar7J0ej0,https://www.youtube.com/watch?v=_HCar7J0ej0,"""You don't know Lambayeque if you haven't eaten at Juana Zunini's.""",,625,84000.0,https://www.youtube.com/@ViajayPrueba,Viaja y Prueba,viajes_gastronomia
dX_mJtQTSEI,https://www.youtube.com/watch?v=dX_mJtQTSEI,Las Fijas de Tejadita en Gamarra! Los mejores Huariques de el emporio.,,760,93000.0,https://www.youtube.com/@ViajayPrueba,Viaja y Prueba,viajes_gastronomia
6SiZtYcroXQ,https://www.youtube.com/watch?v=6SiZtYcroXQ,24 HOURS IN LONDON. Everything we could try in just a few hours in this incredible city,,603,80000.0,https://www.youtube.com/@ViajayPrueba,Viaja y Prueba,viajes_gastronomia
OIYkxGvvuxQ,https://www.youtube.com/watch?v=OIYkxGvvuxQ,Is it still possible to eat cheaply in Lima? We went out with two broke but fun-loving people to ...,,961,238000.0,https://www.youtube.com/@ViajayPrueba,Viaja y Prueba,viajes_gastronomia
d8z0sRyQFi8,https://www.youtube.com/watch?v=d8z0sRyQFi8,PÓMAC FOREST IN LAMBAYEQUE 🌳 The best GOAT and DUCK RICE 🦆 in LAMBAYEQUE!,,963,81000.0,https://www.youtube.com/@ViajayPrueba,Viaja y Prueba,viajes_gastronomia
2gu1DpbboEU,https://www.youtube.com/watch?v=2gu1DpbboEU,What they DON'T tell you about Arica! 😱 Will it be similar to our food?,,943,124000.0,https://www.youtube.com/@ViajayPrueba,Viaja y Prueba,viajes_gastronomia
8AzFo_k-PWU,https://www.youtube.com/watch?v=8AzFo_k-PWU,They beat any restaurant! 😱 The 3 best street ceviches. The Soup Maker of America,,662,114000.0,https://www.youtube.com/@ViajayPrueba,Viaja y Prueba,viajes_gastronomia
ks3e_5ieYpA,https://www.youtube.com/watch?v=ks3e_5ieYpA,THE BEST HOT SAUCE OF MY LIFE 🌶️ The ultimate route. Is Tacna the capital of southern flavor? 🍷,,1102,146000.0,https://www.youtube.com/@ViajayPrueba,Viaja y Prueba,viajes_gastronomia
n3ylBos0734,https://www.youtube.com/watch?v=n3ylBos0734,Miraflores: 4 Gastronomic Gems You HAVE to Try (No Flaws).,,1015,240000.0,https://www.youtube.com/@ViajayPrueba,Viaja y Prueba,viajes_gastronomia
HXeAV2_hHlA,https://www.youtube.com/watch?v=HXeAV2_hHlA,"Cajamarca to the Max: 24 Hour Guide, The Best Dishes, Cheeses and Hot Springs.",,938,87000.0,https://www.youtube.com/@ViajayPrueba,Viaja y Prueba,viajes_gastronomia
1jDtO7RhqL4,https://www.youtube.com/watch?v=1jDtO7RhqL4,"Peruvian food in Santiago, Chile. Luciano and Tejadita looking for surefire hits with Chileans an...",,906,119000.0,https://www.youtube.com/@ViajayPrueba,Viaja y Prueba,viajes_gastronomia
68HgUkfkInY,https://www.youtube.com/watch?v=68HgUkfkInY,Did I find the BEST ANDEAN SOUPS in Lima? 🇵🇪Tejadita is the Soup Master of America and he searche...,,921,84000.0,https://www.youtube.com/@ViajayPrueba,Viaja y Prueba,viajes_gastronomia
_zZUot0tuiA,https://www.youtube.com/watch?v=_zZUot0tuiA,"SANTIAGO, CHILE, HAS GREAT FOOD! A day spent searching for the best food in this destination.",,939,163000.0,https://www.youtube.com/@ViajayPrueba,Viaja y Prueba,viajes_gastronomia
CGhVGHZ8_LA,https://www.youtube.com/watch?v=CGhVGHZ8_LA,"UNMISSABLE CAJAMARCA! 6 Years Later, The Food You Don't Know (and Will Love) Luciano and Tex on t...",,836,105000.0,https://www.youtube.com/@ViajayPrueba,Viaja y Prueba,viajes_gastronomia
q9o-kjewAk4,https://www.youtube.com/watch?v=q9o-kjewAk4,They took us to the end of the world. The most extreme journey in the new Subaru Forester.,,496,33000.0,https://www.youtube.com/@ViajayPrueba,Viaja y Prueba,viajes_gastronomia
