model_key,modelo,familia,diseno,split,categoria,positivos,recall,falsos_negativos,pr_auc
svm__flat,SVM lineal calibrado palabra+carácter · Plano,linear_svm_word_char,flat,validation_expanded,RACISMO_DISCRIMINACION,281,0.39501779359430605,170,0.299502841778615
svm__flat,SVM lineal calibrado palabra+carácter · Plano,linear_svm_word_char,flat,validation_expanded,ACOSO_GENERO_IDENTIDAD,304,0.34539473684210525,199,0.20317683941949294
svm__flat,SVM lineal calibrado palabra+carácter · Plano,linear_svm_word_char,flat,validation_expanded,ACOSO_PERSONAL,464,0.34698275862068967,303,0.1900428187541587
svm__flat,SVM lineal calibrado palabra+carácter · Plano,linear_svm_word_char,flat,validation_expanded,AMENAZA_DIRECTA,96,0.3020833333333333,67,0.193365943670774
svm__flat,SVM lineal calibrado palabra+carácter · Plano,linear_svm_word_char,flat,validation_expanded,CONTENIDO_SEXUAL,334,0.47005988023952094,177,0.41497712849475066
svm__flat,SVM lineal calibrado palabra+carácter · Plano,linear_svm_word_char,flat,test_expanded,RACISMO_DISCRIMINACION,256,0.3671875,162,0.24223417817730827
svm__flat,SVM lineal calibrado palabra+carácter · Plano,linear_svm_word_char,flat,test_expanded,ACOSO_GENERO_IDENTIDAD,263,0.39543726235741444,159,0.23096434402877308
svm__flat,SVM lineal calibrado palabra+carácter · Plano,linear_svm_word_char,flat,test_expanded,ACOSO_PERSONAL,435,0.2597701149425287,322,0.1655628654005665
svm__flat,SVM lineal calibrado palabra+carácter · Plano,linear_svm_word_char,flat,test_expanded,AMENAZA_DIRECTA,111,0.12612612612612611,97,0.1104146539496828
svm__flat,SVM lineal calibrado palabra+carácter · Plano,linear_svm_word_char,flat,test_expanded,CONTENIDO_SEXUAL,335,0.4507462686567164,184,0.4039036662278617
svm__shared_hierarchy,SVM lineal calibrado palabra+carácter · Jerárquico clásico con TF-IDF compartido,linear_svm_word_char,shared_hierarchy,validation_expanded,RACISMO_DISCRIMINACION,281,0.3665480427046263,178,0.2864218864367598
svm__shared_hierarchy,SVM lineal calibrado palabra+carácter · Jerárquico clásico con TF-IDF compartido,linear_svm_word_char,shared_hierarchy,validation_expanded,ACOSO_GENERO_IDENTIDAD,304,0.32894736842105265,204,0.20023462920347718
svm__shared_hierarchy,SVM lineal calibrado palabra+carácter · Jerárquico clásico con TF-IDF compartido,linear_svm_word_char,shared_hierarchy,validation_expanded,ACOSO_PERSONAL,464,0.3642241379310345,295,0.18183114466244016
svm__shared_hierarchy,SVM lineal calibrado palabra+carácter · Jerárquico clásico con TF-IDF compartido,linear_svm_word_char,shared_hierarchy,validation_expanded,AMENAZA_DIRECTA,96,0.375,60,0.18011075230548027
svm__shared_hierarchy,SVM lineal calibrado palabra+carácter · Jerárquico clásico con TF-IDF compartido,linear_svm_word_char,shared_hierarchy,validation_expanded,CONTENIDO_SEXUAL,334,0.45209580838323354,183,0.3974481901725188
svm__shared_hierarchy,SVM lineal calibrado palabra+carácter · Jerárquico clásico con TF-IDF compartido,linear_svm_word_char,shared_hierarchy,test_expanded,RACISMO_DISCRIMINACION,256,0.31640625,175,0.2434644139283118
svm__shared_hierarchy,SVM lineal calibrado palabra+carácter · Jerárquico clásico con TF-IDF compartido,linear_svm_word_char,shared_hierarchy,test_expanded,ACOSO_GENERO_IDENTIDAD,263,0.38783269961977185,161,0.22968470149928413
svm__shared_hierarchy,SVM lineal calibrado palabra+carácter · Jerárquico clásico con TF-IDF compartido,linear_svm_word_char,shared_hierarchy,test_expanded,ACOSO_PERSONAL,435,0.27586206896551724,315,0.16590998845682964
svm__shared_hierarchy,SVM lineal calibrado palabra+carácter · Jerárquico clásico con TF-IDF compartido,linear_svm_word_char,shared_hierarchy,test_expanded,AMENAZA_DIRECTA,111,0.17117117117117117,92,0.11501362449834421
svm__shared_hierarchy,SVM lineal calibrado palabra+carácter · Jerárquico clásico con TF-IDF compartido,linear_svm_word_char,shared_hierarchy,test_expanded,CONTENIDO_SEXUAL,335,0.408955223880597,198,0.3892594524931102
svm__cascade,SVM lineal calibrado palabra+carácter · Cascada binaria → multietiqueta,linear_svm_word_char,cascade,validation_expanded,RACISMO_DISCRIMINACION,281,0.3736654804270463,176,0.29893646830522186
svm__cascade,SVM lineal calibrado palabra+carácter · Cascada binaria → multietiqueta,linear_svm_word_char,cascade,validation_expanded,ACOSO_GENERO_IDENTIDAD,304,0.3092105263157895,210,0.21105688239709797
svm__cascade,SVM lineal calibrado palabra+carácter · Cascada binaria → multietiqueta,linear_svm_word_char,cascade,validation_expanded,ACOSO_PERSONAL,464,0.2974137931034483,326,0.1914009816005991
svm__cascade,SVM lineal calibrado palabra+carácter · Cascada binaria → multietiqueta,linear_svm_word_char,cascade,validation_expanded,AMENAZA_DIRECTA,96,0.4479166666666667,53,0.19352997271806122
svm__cascade,SVM lineal calibrado palabra+carácter · Cascada binaria → multietiqueta,linear_svm_word_char,cascade,validation_expanded,CONTENIDO_SEXUAL,334,0.39820359281437123,201,0.3981723287810378
svm__cascade,SVM lineal calibrado palabra+carácter · Cascada binaria → multietiqueta,linear_svm_word_char,cascade,test_expanded,RACISMO_DISCRIMINACION,256,0.32421875,173,0.25452503524555675
svm__cascade,SVM lineal calibrado palabra+carácter · Cascada binaria → multietiqueta,linear_svm_word_char,cascade,test_expanded,ACOSO_GENERO_IDENTIDAD,263,0.34220532319391633,173,0.22806906506563918
svm__cascade,SVM lineal calibrado palabra+carácter · Cascada binaria → multietiqueta,linear_svm_word_char,cascade,test_expanded,ACOSO_PERSONAL,435,0.22988505747126436,335,0.1730895094920764
svm__cascade,SVM lineal calibrado palabra+carácter · Cascada binaria → multietiqueta,linear_svm_word_char,cascade,test_expanded,AMENAZA_DIRECTA,111,0.2072072072072072,88,0.1304702290841386
svm__cascade,SVM lineal calibrado palabra+carácter · Cascada binaria → multietiqueta,linear_svm_word_char,cascade,test_expanded,CONTENIDO_SEXUAL,335,0.34328358208955223,220,0.39005986639036544
logistic__flat,Regresión logística calibrada · Plano,logistic_regression,flat,validation_expanded,RACISMO_DISCRIMINACION,281,0.3736654804270463,176,0.27830546951673496
logistic__flat,Regresión logística calibrada · Plano,logistic_regression,flat,validation_expanded,ACOSO_GENERO_IDENTIDAD,304,0.2993421052631579,213,0.19778347867751495
logistic__flat,Regresión logística calibrada · Plano,logistic_regression,flat,validation_expanded,ACOSO_PERSONAL,464,0.28448275862068967,332,0.18269345994776495
logistic__flat,Regresión logística calibrada · Plano,logistic_regression,flat,validation_expanded,AMENAZA_DIRECTA,96,0.5104166666666666,47,0.20953773805518194
logistic__flat,Regresión logística calibrada · Plano,logistic_regression,flat,validation_expanded,CONTENIDO_SEXUAL,334,0.46706586826347307,178,0.37590857317658
logistic__flat,Regresión logística calibrada · Plano,logistic_regression,flat,test_expanded,RACISMO_DISCRIMINACION,256,0.3125,176,0.22572180410994783
logistic__flat,Regresión logística calibrada · Plano,logistic_regression,flat,test_expanded,ACOSO_GENERO_IDENTIDAD,263,0.34600760456273766,172,0.22527824836007238
logistic__flat,Regresión logística calibrada · Plano,logistic_regression,flat,test_expanded,ACOSO_PERSONAL,435,0.271264367816092,317,0.18457169220802472
logistic__flat,Regresión logística calibrada · Plano,logistic_regression,flat,test_expanded,AMENAZA_DIRECTA,111,0.2072072072072072,88,0.13792123104394072
logistic__flat,Regresión logística calibrada · Plano,logistic_regression,flat,test_expanded,CONTENIDO_SEXUAL,335,0.4059701492537313,199,0.3673168765916275
logistic__shared_hierarchy,Regresión logística calibrada · Jerárquico clásico con TF-IDF compartido,logistic_regression,shared_hierarchy,validation_expanded,RACISMO_DISCRIMINACION,281,0.3736654804270463,176,0.25607476798087303
logistic__shared_hierarchy,Regresión logística calibrada · Jerárquico clásico con TF-IDF compartido,logistic_regression,shared_hierarchy,validation_expanded,ACOSO_GENERO_IDENTIDAD,304,0.33881578947368424,201,0.1927278265705022
logistic__shared_hierarchy,Regresión logística calibrada · Jerárquico clásico con TF-IDF compartido,logistic_regression,shared_hierarchy,validation_expanded,ACOSO_PERSONAL,464,0.27155172413793105,338,0.16989880141831412
logistic__shared_hierarchy,Regresión logística calibrada · Jerárquico clásico con TF-IDF compartido,logistic_regression,shared_hierarchy,validation_expanded,AMENAZA_DIRECTA,96,0.3958333333333333,58,0.20965399014892788
logistic__shared_hierarchy,Regresión logística calibrada · Jerárquico clásico con TF-IDF compartido,logistic_regression,shared_hierarchy,validation_expanded,CONTENIDO_SEXUAL,334,0.4041916167664671,199,0.360532203802282
logistic__shared_hierarchy,Regresión logística calibrada · Jerárquico clásico con TF-IDF compartido,logistic_regression,shared_hierarchy,test_expanded,RACISMO_DISCRIMINACION,256,0.31640625,175,0.21945084013244073
logistic__shared_hierarchy,Regresión logística calibrada · Jerárquico clásico con TF-IDF compartido,logistic_regression,shared_hierarchy,test_expanded,ACOSO_GENERO_IDENTIDAD,263,0.39923954372623577,158,0.22645628562956824
logistic__shared_hierarchy,Regresión logística calibrada · Jerárquico clásico con TF-IDF compartido,logistic_regression,shared_hierarchy,test_expanded,ACOSO_PERSONAL,435,0.23908045977011494,331,0.17048025702985498
logistic__shared_hierarchy,Regresión logística calibrada · Jerárquico clásico con TF-IDF compartido,logistic_regression,shared_hierarchy,test_expanded,AMENAZA_DIRECTA,111,0.14414414414414414,95,0.13248975043901165
logistic__shared_hierarchy,Regresión logística calibrada · Jerárquico clásico con TF-IDF compartido,logistic_regression,shared_hierarchy,test_expanded,CONTENIDO_SEXUAL,335,0.34626865671641793,219,0.3635993843493998
logistic__cascade,Regresión logística calibrada · Cascada binaria → multietiqueta,logistic_regression,cascade,validation_expanded,RACISMO_DISCRIMINACION,281,0.35587188612099646,181,0.2685794349932417
logistic__cascade,Regresión logística calibrada · Cascada binaria → multietiqueta,logistic_regression,cascade,validation_expanded,ACOSO_GENERO_IDENTIDAD,304,0.26973684210526316,222,0.20072267497183274
logistic__cascade,Regresión logística calibrada · Cascada binaria → multietiqueta,logistic_regression,cascade,validation_expanded,ACOSO_PERSONAL,464,0.3081896551724138,321,0.18801754255799208
logistic__cascade,Regresión logística calibrada · Cascada binaria → multietiqueta,logistic_regression,cascade,validation_expanded,AMENAZA_DIRECTA,96,0.34375,63,0.23481401817083372
logistic__cascade,Regresión logística calibrada · Cascada binaria → multietiqueta,logistic_regression,cascade,validation_expanded,CONTENIDO_SEXUAL,334,0.41317365269461076,196,0.36448872205348065
logistic__cascade,Regresión logística calibrada · Cascada binaria → multietiqueta,logistic_regression,cascade,test_expanded,RACISMO_DISCRIMINACION,256,0.29296875,181,0.22944020210255772
logistic__cascade,Regresión logística calibrada · Cascada binaria → multietiqueta,logistic_regression,cascade,test_expanded,ACOSO_GENERO_IDENTIDAD,263,0.2585551330798479,195,0.22473903235264622
logistic__cascade,Regresión logística calibrada · Cascada binaria → multietiqueta,logistic_regression,cascade,test_expanded,ACOSO_PERSONAL,435,0.28045977011494255,313,0.18722555146518768
logistic__cascade,Regresión logística calibrada · Cascada binaria → multietiqueta,logistic_regression,cascade,test_expanded,AMENAZA_DIRECTA,111,0.13513513513513514,96,0.15029713465459843
logistic__cascade,Regresión logística calibrada · Cascada binaria → multietiqueta,logistic_regression,cascade,test_expanded,CONTENIDO_SEXUAL,335,0.3373134328358209,222,0.35990067283721755
fasttext__flat,fastText supervisado OVA · Plano,fasttext_supervised_ova,flat,validation_expanded,RACISMO_DISCRIMINACION,281,0.19572953736654805,226,0.1743627400352123
fasttext__flat,fastText supervisado OVA · Plano,fasttext_supervised_ova,flat,validation_expanded,ACOSO_GENERO_IDENTIDAD,304,0.18092105263157895,249,0.12009634841641437
fasttext__flat,fastText supervisado OVA · Plano,fasttext_supervised_ova,flat,validation_expanded,ACOSO_PERSONAL,464,0.19181034482758622,375,0.15145979103416074
fasttext__flat,fastText supervisado OVA · Plano,fasttext_supervised_ova,flat,validation_expanded,AMENAZA_DIRECTA,96,0.23958333333333334,73,0.15084807973768852
fasttext__flat,fastText supervisado OVA · Plano,fasttext_supervised_ova,flat,validation_expanded,CONTENIDO_SEXUAL,334,0.2904191616766467,237,0.2545864475234618
fasttext__flat,fastText supervisado OVA · Plano,fasttext_supervised_ova,flat,test_expanded,RACISMO_DISCRIMINACION,256,0.171875,212,0.14294394218717396
fasttext__flat,fastText supervisado OVA · Plano,fasttext_supervised_ova,flat,test_expanded,ACOSO_GENERO_IDENTIDAD,263,0.23574144486692014,201,0.16097983983640277
fasttext__flat,fastText supervisado OVA · Plano,fasttext_supervised_ova,flat,test_expanded,ACOSO_PERSONAL,435,0.2,348,0.15088492400599873
fasttext__flat,fastText supervisado OVA · Plano,fasttext_supervised_ova,flat,test_expanded,AMENAZA_DIRECTA,111,0.13513513513513514,96,0.09862373229444205
fasttext__flat,fastText supervisado OVA · Plano,fasttext_supervised_ova,flat,test_expanded,CONTENIDO_SEXUAL,335,0.2656716417910448,246,0.2825134026158437
